month,ret_1m,ret_3m,ret_6m,ret_12m,vol_3m,vol_6m,ma3_dev,ma6_dev,ma12_dev,momentum,trend,reversal,pe,ps,pb,ev_to_mc,revenue_growth_yoy,net_income_growth_yoy,ocf_growth_yoy,liabilities_to_assets,asset_growth_yoy,target_return
2019-07-01,0.0794959321132298,0.001799370220422869,-0.2375898403830825,-0.014165559982293074,0.11423909026286756,0.10753504525294252,0.07204751399306031,-0.04070643291482834,-0.03589595236442833,-0.3170857724963123,0.03134108107823197,-0.0794959321132298,0.0,0.0,0.0,-0.29564673511455,2.28267432421111,8.340854935553997,1.257776210742224,0.49724314743973264,1.3322282399487415,0.4714863044454425
2019-08-01,0.4714863044454425,0.6874356333676621,0.09452234153231998,0.6935400516795867,0.23143744427342522,0.23716261361076527,0.29919388528074387,0.38347876982097917,0.35315371581553934,-0.3769639629131225,0.682672655101723,-0.4714863044454425,0.0,0.0,0.0,-0.20870838258211954,1.6909871593173391,-0.8455085766801029,2.813731331207638,0.5381439951729967,1.3357398181210702,-0.016783613060726288
2019-09-01,-0.016783613060726288,0.5618033234029727,0.2991936410965179,0.2255610412491047,0.2586289862465572,0.21776900216247108,0.1077240647751081,0.2927645178547549,0.30383763844283274,0.3159772541572442,0.400488582629863,0.016783613060726288,0.0,0.0,0.0,-0.21290811342767535,1.6909871593173391,-0.8455085766801029,2.813731331207638,0.5381439951729967,1.3357398181210702,0.2687771487033783
2019-10-01,0.2687771487033783,0.8356533902110463,0.8389564102564102,1.3161473654390936,0.24530371067394427,0.21448193698616222,0.15840181999807657,0.4583507018351227,0.5341026737967911,0.5701792615530319,0.6167525218331993,-0.2687771487033783,0.0,0.0,0.0,-0.1694140200882467,1.6909871593173391,-0.8455085766801029,2.813731331207638,0.5381439951729967,1.3357398181210702,-0.1205968659345189
2019-11-01,-0.1205968659345189,0.09704000610314312,0.8511843975283211,0.5657666622720672,0.20163261285762907,0.2131391027970073,-0.01100412624472824,0.16771331563757763,0.2964298876281408,0.97178126346284,0.1567091893928494,0.1205968659345189,0.0,0.0,0.0,-0.2135773783406928,1.228059511009608,1.1259756920323074,0.6048860711542694,0.5980511168364525,0.745117056311184,0.05201666058368115
2019-12-01,0.05201666058368115,0.173805053575262,0.8332526337010486,0.6853831691005718,0.19510367415905325,0.2137763532844049,-0.010379432876067463,0.12386705278787002,0.30361348508182484,0.7812359731173675,0.11348761991180256,-0.05201666058368115,0.0,0.0,0.0,-0.2041185608088556,1.228059511009608,1.1259756920323074,0.6048860711542694,0.5980511168364525,0.745117056311184,-0.06874666842940236
2020-01-01,-0.06874666842940236,-0.13845400835484312,0.5814998203861699,0.20575153049474615,0.08856979747887275,0.22783110942033774,-0.03055325203131931,-0.016475835120993154,0.19339265401615724,0.6502464888155722,-0.047029087152312465,0.06874666842940236,0.0,0.0,0.0,-0.22076772719981497,1.228059511009608,1.1259756920323074,0.6048860711542694,0.5980511168364525,0.745117056311184,0.015899999548551813
2020-02-01,0.015899999548551813,-0.004728845487375732,0.09185227342081159,0.19505670691193355,0.0619855537449637,0.13558010272734092,-0.013600468663848675,-0.01464179995444359,0.19269976056918292,0.07595227387225978,-0.028242268618292266,-0.015899999548551813,0.0,0.0,0.0,-0.21548845555947538,0.9088919160893978,-0.27734557589794595,0.47020345241536265,0.6759436065444101,0.7613177953077415,0.006987143850954336
2020-03-01,0.006987143850954336,-0.047329481755684966,0.11824946870734099,0.452822598904137,0.046511840282829266,0.13457207797498044,0.009903746705631322,-0.024810569177144748,0.16470014232880725,0.11126232485638665,-0.014906822471513426,-0.006987143850954336,0.0,0.0,0.0,-0.20822502395283926,0.9088919160893978,-0.27734557589794595,0.47020345241536265,0.6759436065444101,0.7613177953077415,0.31668055278047613
2020-04-01,0.31668055278047613,0.3469618867983564,0.16046961446992136,1.1340530364372468,0.17628499072693657,0.15214910610210422,0.1934591243637518,0.24710828622111936,0.43601641651741807,-0.15621093831055477,0.44056741058487114,-0.31668055278047613,0.0,0.0,0.0,-0.15072186078291028,0.9088919160893978,-0.27734557589794595,0.47020345241536265,0.6759436065444101,0.7613177953077415,0.40957007608705887
2020-05-01,0.40957007608705887,0.868921321098975,0.8600834809434357,2.4433575180226565,0.21079669842541499,0.1930617336852606,0.3343754667129475,0.548155643046166,0.8077859569627874,0.4505134048563768,0.8825311097591135,-0.40957007608705887,0.0,0.0,0.0,-0.1063552213465041,0.4391123038701894,1.193807024308359,-0.6325484318493881,0.7150127570847047,0.5301552022029672,0.2836846440697782
2020-06-01,0.2836846440697782,1.382459016998585,1.2696984664198836,3.1609306912714823,0.06527421073944681,0.19931478803678518,0.2866349766338745,0.6766715965558134,1.0233749474552636,0.9860138223501054,0.9633065731896879,-0.2836846440697782,0.0,0.0,0.0,-0.06708836738153978,0.4391123038701894,1.193807024308359,-0.6325484318493881,0.7150127570847047,0.5301552022029672,0.06943158524844306
2020-07-01,0.06943158524844306,0.9350759893565765,1.6064736057219302,3.1221375392905255,0.17197175550966068,0.1738617793207004,0.12633432885089113,0.5141852306855763,0.9038402237884611,1.5370420204734871,0.6405195595364674,-0.06943158524844306,0.0,0.0,0.0,-0.06337894323628224,0.4391123038701894,1.193807024308359,-0.6325484318493881,0.7150127570847047,0.5301552022029672,-0.031154693970979475
2020-08-01,-0.031154693970979475,0.33004333796724983,1.4857463523126428,1.714067805920049,0.16080307913689995,0.183726489049149,0.0009003113478118774,0.27995780830875105,0.6813119544943056,1.5169010462836223,0.28085811965656293,0.031154693970979475,0.0,0.0,0.0,-0.07774585336183482,0.672606532119032,-0.10356441564914032,0.3248215638351373,0.6755374707595652,0.6721715352133015,-0.16629187842833648
2020-09-01,-0.16629187842833648,-0.13618353383893445,1.058007328837284,1.3013656020681066,0.118283000693286,0.22464415449941846,-0.1272705877402247,-0.02228373964614372,0.31487175805468937,1.2242992072656205,-0.14955432738636842,0.16629187842833648,0.0,0.0,0.0,-0.09379813378855617,0.672606532119032,-0.10356441564914032,0.3248215638351373,0.6755374707595652,0.6721715352133015,0.21348618439686629
2020-10-01,0.21348618439686629,-0.0198257074131033,0.8967117389694717,1.201076340482477,0.19250220561286932,0.21268583177098122,0.0666614040912401,0.08501147199424564,0.4876415972264019,0.6832255545726054,0.15167287608548574,-0.21348618439686629,0.0,0.0,0.0,-0.07856819418183791,0.672606532119032,-0.10356441564914032,0.3248215638351373,0.6755374707595652,0.6721715352133015,0.5426760765944854
2020-11-01,0.5426760765944854,0.5607150312409481,1.0758186297673715,2.861195942664925,0.3547846584849242,0.25116611769176145,0.37462860591573977,0.46238934918956787,1.0100882921629082,0.5331425531728862,0.8370179551053076,-0.5426760765944854,0.0,0.0,0.0,-0.04602305898434955,0.8911206199457329,-0.6639377680932999,2.1784013028639175,0.7142802794131502,0.5394392739526297,0.27995101620850105
2020-12-01,0.27995101620850105,1.3960889171655047,1.0697810610336003,3.6977789000528816,0.1740727895391504,0.25077885793341403,0.31134673845236094,0.6118847483612178,1.2013153638979217,0.7898300448250992,0.9232314868135787,-0.27995101620850105,0.0,0.0,0.0,-0.035697349836144365,0.8911206199457329,-0.6639377680932999,2.1784013028639175,0.7142802794131502,0.5394392739526297,-0.06731576031199149
2021-01-01,-0.06731576031199149,0.8416314900545179,0.8051198429699395,3.7049972258660633,0.30597078088228474,0.26549483935698587,0.030983674292392793,0.3522563834255039,0.8093574891410369,0.872435603281931,0.3832400577178967,0.06731576031199149,0.0,0.0,0.0,-0.038764469861045314,0.8911206199457329,-0.6639377680932999,2.1784013028639175,0.7142802794131502,0.5394392739526297,0.032888762113201686
2021-02-01,0.032888762113201686,0.2330524203307025,0.9244434467181593,3.7836782779116342,0.17873393530983656,0.25899743249128543,-0.00206008664333035,0.2562509283713226,0.6639015106168005,0.8915546846049576,0.2541908417279922,-0.032888762113201686,0.0,0.0,0.0,-0.037447134383348346,1.4597779096773142,-0.2142458740024331,0.5572565905047222,0.621317646128359,1.0893265838288104,-0.21780788810918683
2021-03-01,-0.21780788810918683,-0.24646813470443096,0.8055293511657629,2.7157926371299657,0.12618613056124342,0.27169420909431263,-0.14680828178665406,-0.08427854645503563,0.2058998205156719,1.0233372392749498,-0.2310868282416897,0.21780788810918683,0.0,0.0,0.0,-0.06338778264616807,1.4597779096773142,-0.2142458740024331,0.5572565905047222,0.621317646128359,1.0893265838288104,0.0003733791315587709
2021-04-01,0.0003733791315587709,-0.19178089830145262,0.4884417485516199,1.8231449372501038,0.1363262789156632,0.27262715727619524,-0.08469832296194135,-0.12764345646986708,0.13280791416375726,0.48806836942006115,-0.21234177943180843,-0.0003733791315587709,0.0,0.0,0.0,-0.06442912709194792,1.4597779096773142,-0.2142458740024331,0.5572565905047222,0.621317646128359,1.0893265838288104,-0.06757258622420736
2021-05-01,-0.06757258622420736,-0.2703903126807592,-0.10035300915428302,0.8675039838116951,0.1116470372165301,0.16476183100588196,-0.045965021339542944,-0.17410140901821392,0.014768888357439725,-0.03278042293007566,-0.22006643035775686,0.06757258622420736,0.0,0.0,0.0,-0.06933408025589038,2.3889159232472905,-0.29468707160802154,5.568055090200504,0.5935446737362254,1.0139947698309069,0.017136451404623276
2021-06-01,0.017136451404623276,-0.05123997418434523,-0.2850790880292574,0.47972976373391263,0.044857693238658625,0.09239325312019342,-0.012362947828624793,-0.11027577187089654,0.004156947265412381,-0.3022155394338807,-0.12263871969952134,-0.017136451404623276,0.0,0.0,0.0,-0.06852726308341073,2.3889159232472905,-0.29468707160802154,5.568055090200504,0.5935446737362254,1.0139947698309069,-0.278774971156707
2021-07-01,-0.278774971156707,-0.315985919599055,-0.4471667543891903,-0.0020697384944530217,0.1523951215642245,0.13198959490830534,-0.1999359349063482,-0.29754114085040306,-0.27568621309986996,-0.16839178323248327,-0.49747707575675126,0.278774971156707,0.0,0.0,0.0,-0.09499599437822948,2.3889159232472905,-0.29468707160802154,5.568055090200504,0.5935446737362254,1.0139947698309069,0.09180216033400113
2021-08-01,0.09180216033400113,-0.19907111304623104,-0.4156345252247131,0.12457830841964679,0.1959872225750437,0.1441962697580256,-0.05833988480056296,-0.15635281238722432,-0.21492395283300336,-0.5074366855587142,-0.21469269718778727,-0.09180216033400113,0.0,0.0,0.0,-0.09867711693125292,0.8900700916854851,-3.684808678277287,0.3413583809979954,0.5859512056405141,0.7242971135106975,-0.09348129654512982
2021-09-01,-0.09348129654512982,-0.28617540433416944,-0.3227517581882373,0.22279157861654553,0.18528856576883143,0.12769872851066555,-0.03645059208573287,-0.18575726005099802,-0.2959219476567253,-0.2292704616431075,-0.2222078521367309,0.09348129654512982,0.0,0.0,0.0,-0.10893692090467666,0.8900700916854851,-3.684808678277287,0.3413583809979954,0.5859512056405141,0.7242971135106975,-0.019300761427170188
2021-10-01,-0.019300761427170188,-0.029363639020154486,-0.3360710621406513,-0.011780450818611232,0.0932528555481784,0.12623402810218132,-0.04595686606951843,-0.14379253069314135,-0.30903723363849867,-0.3167703007134811,-0.18974939676265978,0.019300761427170188,0.0,0.0,0.0,-0.11229024717458258,0.8900700916854851,-3.684808678277287,0.3413583809979954,0.5859512056405141,0.7242971135106975,-0.2521367353157161
2021-11-01,-0.2521367353157161,-0.33513295346329597,-0.467488776445118,-0.5209278801372794,0.11894458848451363,0.14930537325827414,-0.18932096695226897,-0.2934801743126423,-0.4578693840834711,-0.21535204112940187,-0.48280114126491125,0.2521367353157161,0.0,0.0,0.0,-0.15044655571745003,0.5134474265685427,-3.089898408070263,0.049842149383209744,0.5910137659766023,0.6751554954834642,-0.12330828571428576
2021-12-01,-0.12330828571428576,-0.35700893034099335,-0.5410171596839197,-0.6718635692223062,0.11663827650166336,0.14003555129491402,-0.18163953090454155,-0.2947865026884108,-0.48277392424301036,-0.41770887396963396,-0.4764260335929523,0.12330828571428576,0.0,0.0,0.0,-0.18187755003124617,0.5134474265685427,-3.089898408070263,0.049842149383209744,0.5910137659766023,0.6751554954834642,0.02641511194537083
2022-01-01,0.02641511194537083,-0.3270355224254503,-0.34679620841833625,-0.6388872278546219,0.1394064781170659,0.12181679475297588,-0.02772963078276436,-0.22662357310282943,-0.4240292554637506,-0.3732113203637071,-0.2543532038855938,-0.02641511194537083,0.0,0.0,0.0,-0.17728309821804644,0.5134474265685427,-3.089898408070263,0.049842149383209744,0.5910137659766023,0.6751554954834642,-0.13335559826203214
2022-02-01,-0.13335559826203214,-0.2201503609022557,-0.4815036737103682,-0.6970086481185171,0.08948437865195774,0.0972966673727157,-0.08482351176470593,-0.25218099692067597,-0.44801892824589107,-0.34814807544833604,-0.3370045086853819,0.13335559826203214,0.0,0.0,0.0,-0.20596899815010739,0.025733030296512638,-5.809472258630762,0.09722672808722854,0.5854827885113756,0.14033917632684156,-0.2265715343892878
2022-03-01,-0.2265715343892878,-0.3120068321098942,-0.5576265370602523,-0.700403349999875,0.12794408532109913,0.11006659979990595,-0.20736445942474857,-0.34161352923594124,-0.5343536362230961,-0.33105500267096455,-0.5489779886606898,0.2265715343892878,0.0,0.0,0.0,-0.24868525611656023,0.025733030296512638,-5.809472258630762,0.09722672808722854,0.5854827885113756,0.14033917632684156,0.07429566007739585
2022-04-01,0.07429566007739585,-0.27991310160427807,-0.5154070966128452,-0.6782647483599883,0.15401803170639994,0.13189490823285702,-0.042869849802016136,-0.1913043503556323,-0.45156020657937057,-0.5897027566902411,-0.23417420015764845,-0.07429566007739585,0.0,0.0,0.0,-0.22206985368870424,0.025733030296512638,-5.809472258630762,0.09722672808722854,0.5854827885113756,0.14033917632684156,0.16848452077048037
2022-05-01,0.16848452077048037,-0.029116910352547043,-0.2428571729323309,-0.596812946752393,0.20634190756416573,0.14919277252466287,0.131037028311771,-0.004776844028255178,-0.30414955492001017,-0.41134169370281126,0.12626018428351582,-0.16848452077048037,0.0,0.0,0.0,-0.18930771130099444,0.0733785688420483,-1.8946915002877385,1.4346842716711588,0.5456756548525844,0.09971831415923926,0.22740817189307538
2022-06-01,0.22740817189307538,0.540762838674574,0.060034306347072075,-0.5134624432403349,0.07723015323777924,0.17454173490716485,0.1942798285418672,0.20762089303898668,-0.0765437690517018,-0.1673738655460033,0.4019007215808539,-0.22740817189307538,0.0,0.0,0.0,-0.15332466571389036,0.0733785688420483,-1.8946915002877385,1.4346842716711588,0.5456756548525844,0.09971831415923926,-0.2069579483326528
2022-07-01,-0.2069579483326528,0.1373868182873057,-0.18098265374331546,-0.46501476405398134,0.23562080081769313,0.19799643806994566,-0.08767685181424834,-0.007291908115170109,-0.22663617959025073,0.02597529458933734,-0.09496875992941844,0.2069579483326528,0.0,0.0,0.0,-0.19174942121481986,0.0733785688420483,-1.8946915002877385,1.4346842716711588,0.5456756548525844,0.09971831415923926,0.45480526238748253
2022-08-01,0.45480526238748253,0.4160875041146974,0.3748554112060276,-0.28714252011025354,0.33623253615811177,0.2632030657817614,0.174564872879029,0.3552557161352585,0.1692518508319223,-0.07994985118145492,0.5298205890142875,-0.45480526238748253,0.0,0.0,0.0,-0.16596638766981808,0.364196297700881,2.6844254487322847,1.6283144637620799,0.5265130691420632,0.2249566408665329,-0.12230014913183107
2022-09-01,-0.12230014913183107,0.012621407971220133,0.5602094350483813,-0.30980474930638036,0.3601268633026018,0.24129151105638386,0.026518688394356893,0.11046050927158202,0.06721999981130078,0.6825095841802123,0.1369791976659389,0.12230014913183107,0.0,0.0,0.0,-0.18367650849921047,0.364196297700881,2.6844254487322847,1.6283144637620799,0.5265130691420632,0.2249566408665329,-0.12384147894402431
2022-10-01,-0.12384147894402431,0.11875136171195111,0.2724530517521466,-0.38337828122758166,0.33363779835725,0.2583515264355654,-0.12834508029031022,-0.0597078625791988,-0.017339455095033762,0.39629453069617093,-0.18805294286950902,0.12384147894402431,0.0,0.0,0.0,-0.2056982518643613,0.364196297700881,2.6844254487322847,1.6283144637620799,0.5265130691420632,0.2249566408665329,0.4962611345518464
2022-11-01,0.4962611345518464,0.15063110165647542,0.6293943249014629,0.23368422556390978,0.3575722977325467,0.3131351894936842,0.23399346618216432,0.2900723334459543,0.43696633570103294,0.13313319034961646,0.5240657996281186,-0.4962611345518464,0.0,0.0,0.0,-0.1624326958192418,0.6509208371079038,5.456605039147297,0.333684233900543,0.48768158464958467,0.25568691711682057,-0.005972671794579831
2022-12-01,-0.005972671794579831,0.303131997343177,0.3195793579219961,0.3987993893447581,0.3293071269601428,0.3117502858169407,0.12008974580835785,0.21925695105202325,0.3815009669489984,0.32555202971657593,0.3393466968603811,0.005972671794579831,0.0,0.0,0.0,-0.1681994363950915,0.6509208371079038,5.456605039147297,0.333684233900543,0.48768158464958467,0.25568691711682057,0.2014714824719257
2023-01-01,0.2014714824719257,0.7869779213212502,0.9991839828273406,0.6373663602941175,0.25237961234020934,0.2788965062667613,0.12375272827056194,0.3055876337429444,0.5750301656726968,0.7977125003554149,0.42934036201350634,-0.2014714824719257,0.0,0.0,0.0,-0.13841686913837192,0.6509208371079038,5.456605039147297,0.333684233900543,0.48768158464958467,0.25568691711682057,-0.10461318316146617
2023-02-01,-0.10461318316146617,0.06935643503953637,0.23043477291298275,0.6916699056754743,0.15623211906112214,0.24849899435030745,-0.015228615815844115,0.12785241843985795,0.3456037661300293,0.3350479560744489,0.11262380262401384,0.10461318316146617,0.0,0.0,0.0,-0.1490116170935255,0.46231243065313166,0.4281488488787599,0.618940625709804,0.5033277060408324,0.30853883344159283,-0.13484555563049505
2023-03-01,-0.13484555563049505,-0.06928265839548775,0.2128475483270198,0.8922961881751139,0.18606046015520356,0.2503535632521267,-0.12962043103488607,-0.051309295839155666,0.11322969640997416,0.34769310395751485,-0.18092972687404174,0.13484555563049505,0.0,0.0,0.0,-0.19093704958815094,0.46231243065313166,0.4281488488787599,0.618940625709804,0.5033277060408324,0.30853883344159283,-0.10210803420005177
2023-04-01,-0.10210803420005177,-0.30444988861655775,0.24293269221474767,0.5815734973311673,0.018220946855353522,0.24739265457577123,-0.11791353945381489,-0.1711766486338845,-0.030146333717960383,0.34504072641479944,-0.2890901880876994,0.10210803420005177,0.0,0.0,0.0,-0.2110586569439863,0.46231243065313166,0.4281488488787599,0.618940625709804,0.5033277060408324,0.30853883344159283,-0.041526073616256154
2023-05-01,-0.041526073616256154,-0.25544286143475914,-0.20380303262063604,0.29731882015169075,0.04734702556829935,0.12331981571586854,-0.06404930861060698,-0.17772698044510282,-0.0866358457224563,-0.16227695900437988,-0.2417762890557098,0.041526073616256154,0.0,0.0,0.0,-0.22792050967146604,0.5818081004589073,2.116437663183495,-1.1475526946340224,0.4730199809427606,0.42287939871201297,0.0584813074096755
2023-06-01,0.0584813074096755,-0.08906459580857451,-0.1521766222375246,0.11877022845906526,0.08109725318661963,0.1286555738188794,0.02374017065426104,-0.10637200905314681,-0.04141974195515408,-0.2106579296472001,-0.08263183839888577,-0.0584813074096755,0.0,0.0,0.0,-0.210198312671941,0.5818081004589073,2.116437663183495,-1.1475526946340224,0.4730199809427606,0.42287939871201297,0.29910328751957294
2023-07-01,0.29910328751957294,0.31797501634702807,-0.08328233057923062,0.8326872814808111,0.17508511036991734,0.16373887881220775,0.20144462814983344,0.18168660463509245,0.1892225613076206,-0.38238561809880356,0.3831312327849259,-0.29910328751957294,0.0,0.0,0.0,-0.1649892244156267,0.5818081004589073,2.116437663183495,-1.1475526946340224,0.4730199809427606,0.42287939871201297,0.1018704186150079
2023-08-01,0.1018704186150079,0.5151561696264544,0.12812034213654355,0.3880784969952946,0.12824608951771974,0.16008468500421116,0.1511262862016829,0.2707468455318054,0.2715495434868025,0.026249923521535656,0.4218731317334883,-0.1018704186150079,0.0,0.0,0.0,-0.16831063103688781,0.6628965130818592,0.47342457684845685,0.20760487153032048,0.47009902172794443,0.4285739947996192,-0.009093674759081849
2023-09-01,-0.009093674759081849,0.4184264017707029,0.2920948276127844,0.567114043876189,0.1560978337199941,0.1412892895912443,0.025622251183077926,0.20215743068152303,0.21386279585167123,0.30118850237186623,0.22777968186460096,0.009093674759081849,0.0,0.0,0.0,-0.16947607050657976,0.6628965130818592,0.47342457684845685,0.20760487153032048,0.47009902172794443,0.4285739947996192,0.03415925359437155
2023-10-01,0.03415925359437155,0.1291471609886441,0.48818774796220854,0.8497172040956702,0.055929490876064254,0.12126584774879504,0.01943307317373555,0.16409685566092835,0.19776787649399719,0.454028494367837,0.1835299288346639,-0.03415925359437155,0.0,0.0,0.0,-0.16359581575258642,0.6628965130818592,0.47342457684845685,0.20760487153032048,0.47009902172794443,0.4285739947996192,0.4537567038800374
2023-11-01,0.4537567038800374,0.48974437213555255,1.2571953766074708,0.7971721136375898,0.2556570975296653,0.18092967538445265,0.2749546190874239,0.46255333796250375,0.6359651986911132,0.8034386727274334,0.7375079570499277,-0.4537567038800374,0.0,0.0,0.0,-0.13167407830978484,0.9389303054638107,0.4673479167260861,1.7925121244976001,0.48432957434819995,0.5028174725265393,-0.007664161588928797
2023-12-01,-0.007664161588928797,0.49189352503313977,1.1161411645377664,0.7941139499406273,0.255186348065473,0.18988144019672026,0.11073714153775427,0.287128116486266,0.5317077110109827,1.1238053261266951,0.3978652580240203,0.007664161588928797,0.0,0.0,0.0,-0.13249505550173712,0.9389303054638107,0.4673479167260861,1.7925121244976001,0.48432957434819995,0.5028174725265393,-0.13286853438409596
2024-01-01,-0.13286853438409596,0.2509367531243689,0.4124916833667336,0.29485608405217145,0.30895375064498254,0.20146708239701877,-0.09512147238513535,0.058602681040766935,0.29553927671229463,0.5453602177508295,-0.03651879134436842,0.13286853438409596,0.0,0.0,0.0,-0.14743990437589038,0.9389303054638107,0.4673479167260861,1.7925121244976001,0.48432957434819995,0.5028174725265393,-0.018365271103524705
2024-02-01,-0.018365271103524705,-0.15531742193004028,0.2583611169206719,0.4195827737518716,0.06940418576927282,0.20402753304637392,-0.06059539092529731,0.0034781494568505433,0.23312018202176588,0.2767263880241966,-0.05711724146844677,0.018365271103524705,0.0,0.0,0.0,-0.14706895432635536,1.232068646461022,1.4625613662041421,0.3894654222244587,0.462070161146584,0.4679410804370394,-0.0665649665443635
2024-03-01,-0.0665649665443635,-0.20545416178599085,0.18537779137350885,0.531620513000777,0.05748966726112243,0.20883615621976173,-0.05143339986472939,-0.08564162635019168,0.11395032783214787,0.25194275791787235,-0.13707502621492107,0.0665649665443635,0.0,0.0,0.0,-0.17741520740789862,1.232068646461022,1.4625613662041421,0.3894654222244587,0.462070161146584,0.4679410804370394,0.0768172043010753
2024-04-01,0.0768172043010753,-0.013320745330162809,0.23427334321185844,0.8368304670042417,0.07296273156103682,0.2091705250822211,0.026149681596443264,-0.0451442350136958,0.14727379476942581,0.15745613891078314,-0.018994553417252535,-0.0768172043010753,0.0,0.0,0.0,-0.16450400390025632,1.232068646461022,1.4625613662041421,0.3894654222244587,0.462070161146584,0.4679410804370394,0.19651700750918666
2024-05-01,0.19651700750918666,0.20266579249505545,0.015870842161274545,1.2930189681567672,0.13171852241068452,0.11542862613790014,0.14859026647731466,0.13911245973773023,0.2895486312216702,-0.1806461653479121,0.2877027262150449,-0.19651700750918666,0.0,0.0,0.0,-0.1574238368411206,1.306558537398654,2.456083531137472,14.745016898077909,0.42114651854131835,0.5738410834509224,-0.11236481581229019
2024-06-01,-0.11236481581229019,0.1436558881720429,-0.09131297370395708,0.9229100220264683,0.15573795319950884,0.12572162211483653,-0.02221079426550754,0.028533829312634706,0.09453894421963405,0.021051842108333108,0.006323035047127168,0.11236481581229019,0.0,0.0,0.0,-0.173340967732181,1.306558537398654,2.456083531137472,14.745016898077909,0.42114651854131835,0.5738410834509224,-0.030537781809803377
2024-07-01,-0.030537781809803377,0.02963731426745464,0.01592177782166515,0.4349810621242485,0.16002995637522324,0.11180459782731661,-0.06061415456749153,-0.005465607867722655,0.03341417284159398,0.04645955963146853,-0.06607976243521418,0.030537781809803377,0.0,0.0,0.0,-0.1792079364377146,1.306558537398654,2.456083531137472,14.745016898077909,0.42114651854131835,0.5738410834509224,-0.25432538020269513
2024-08-01,-0.25432538020269513,-0.35832553317082083,-0.228280068827043,-0.028897645459253885,0.11323232351390411,0.15565652190150367,-0.1944964229179753,-0.23025787671663145,-0.22793393166190334,0.026045311375652136,-0.42475429963460676,0.25432538020269513,0.0,0.0,0.0,-0.2904585112675585,0.8565061655200497,1.4419549124105533,0.8718018278438506,0.41309869742907,0.5777158020141775,0.4026635792044162
2024-09-01,0.4026635792044162,0.013990229725240333,0.15965589677419367,0.37463034567145925,0.3340106787618896,0.23321469964077915,0.12400988368310983,0.053587237953320876,0.05695336985254551,-0.24300768243022253,0.1775971216364307,-0.4026635792044162,0.0,0.0,0.0,-0.20959237988587098,0.8565061655200497,1.4419549124105533,0.8718018278438506,0.41309869742907,0.5777158020141775,-0.10548180558536913
2024-10-01,-0.10548180558536913,-0.0643960203615177,-0.0366672311870907,0.18901595718824593,0.3444804383829028,0.24023821839371423,0.0291883392960135,-0.05187846699616672,-0.06623134656414575,0.06881457439827843,-0.022690127700153218,0.10548180558536913,0.0,0.0,0.0,-0.2308670901532024,0.8565061655200497,1.4419549124105533,0.8718018278438506,0.41309869742907,0.5777158020141775,-0.19927024460636023
2024-11-01,-0.19927024460636023,0.004682103790634606,-0.3553211467173264,-0.3450895503921656,0.3238652836248985,0.23506640930743944,-0.1769519246948955,-0.1838965545250273,-0.22692216398629717,-0.15605090211096617,-0.3608484792199228,0.19927024460636023,0.0,0.0,0.0,-0.30695715897431997,0.44325777965374424,0.60780703144379,-0.1541448780723328,0.4033663711208683,0.48541666669318473,0.004453189818831582
2024-12-01,0.004453189818831582,-0.2805429905873895,-0.2704776217482727,-0.33709247949002097,0.10196830573149615,0.23369032448299193,-0.07375691917633964,-0.1365234859636988,-0.19705834757063256,-0.2749308115671043,-0.21028040514003843,-0.004453189818831582,0.0,0.0,0.0,-0.302554234443149,0.44325777965374424,0.60780703144379,-0.1541448780723328,0.4033663711208683,0.48541666669318473,0.1538303568167927
2025-01-01,0.1538303568167927,-0.07197937049438163,-0.1317402058479339,-0.11791596631395995,0.17724597338149625,0.24549436884746906,0.09909648399135729,0.02205584594468446,-0.06388017480964303,-0.2855705626647266,0.12115232993604175,-0.1538303568167927,0.0,0.0,0.0,-0.2664920403999296,0.44325777965374424,0.60780703144379,-0.1541448780723328,0.4033663711208683,0.48541666669318473,0.015905620019457833
2025-02-01,0.015905620019457833,0.17740269630080174,0.18291541792825505,-0.08712059509297732,0.08313435831877924,0.21192913907329486,0.057286344185667915,0.011251969527845018,-0.04174302936268237,0.16700979790879722,0.06853831371351293,-0.015905620019457833,0.0,0.0,0.0,-0.25857585428531127,0.24447363552333035,0.17896360396247313,-0.1990614646179789,0.3796201286250814,0.45092232743615135,0.040988617451163334
2025-03-01,0.040988617451163334,0.220228894117515,-0.12209776903935576,0.018064498924731165,0.07346841489582862,0.12256789839998199,0.03227210312810458,0.07903173170254352,-0.003934615439186273,-0.1630863864905191,0.1113038348306481,-0.040988617451163334,0.0,0.0,0.0,-0.26298367031063763,0.24447363552333035,0.17896360396247313,-0.1990614646179789,0.3796201286250814,0.45092232743615135,-0.10798477580033428
2025-04-01,-0.10798477580033428,-0.056652701040025066,-0.12455424577673924,-0.15665441763860055,0.07976116309897638,0.12294142591986189,-0.061905749237285757,-0.015006142410624035,-0.09910396173448988,-0.01656946997640496,-0.07691189164790979,0.10798477580033428,0.0,0.0,0.0,-0.2945682875540717,0.24447363552333035,0.17896360396247313,-0.1990614646179789,0.3796201286250814,0.45092232743615135,-0.08581981623567292
2025-05-01,-0.08581981623567292,-0.1511126721591579,-0.0005177713446099519,-0.3556549429540322,0.08037903559954462,0.09441004416219008,-0.09643289954124146,-0.09946812167915076,-0.14399116732420592,0.08530204489106297,-0.1959010212203922,0.08581981623567292,0.0,0.0,0.0,-0.35784853635718716,0.10206088995078444,-0.4734652254785783,-0.2634541625150667,0.37852371810245755,0.4041200623481498,0.08444722651648062
2025-06-01,0.08444722651648062,-0.11567380001138661,0.07908038105125037,-0.21278671409071181,0.10528708910697884,0.10004135985230808,0.02360307054307098,-0.03493212689710723,-0.051878209928735375,-0.005366845465230252,-0.011329056354036249,-0.08444722651648062,0.0,0.0,0.0,-0.3314545702584428,0.10206088995078444,-0.4734652254785783,-0.2634541625150667,0.37852371810245755,0.4041200623481498,0.08398617106874928
2025-07-01,0.08398617106874928,0.07464238893625086,0.013760994950907213,-0.1197920872045316,0.09817089838993288,0.08363994515665844,0.0817811574428089,0.04365021368083255,0.03987165145107174,-0.07022517611784207,0.12543137112364144,-0.08398617106874928,0.0,0.0,0.0,-0.30558206947711586,0.10206088995078444,-0.4734652254785783,-0.2634541625150667,0.37852371810245755,0.4041200623481498,0.05967390197462952
2025-08-01,0.05967390197462952,0.24567400796448013,0.0574368799817595,0.2508583888163731,0.01417166544839065,0.08661063182832472,0.0660006528182504,0.09496630610551215,0.08199894560454646,-0.002237021992870014,0.16096695892376256,-0.05967390197462952,0.0,0.0,0.0,-0.30804559967234213,0.07135106597619978,-0.0392353422929016,-0.5058152237453599,0.361968370002896,0.31060360807675225,0.09940107220594685
2025-09-01,0.09940107220594685,0.2628510696407005,0.1167722875669166,-0.019583117269981853,0.020028952627644363,0.09345893352061312,0.08383445860304461,0.17907161325322907,0.19191082566212625,0.01737121536096975,0.2629060718562737,-0.09940107220594685,0.0,0.0,0.0,-0.281591140504334,0.07135106597619978,-0.0392353422929016,-0.5058152237453599,0.361968370002896,0.31060360807675225,0.020428213973340492
2025-10-01,0.020428213973340492,0.18880562861539785,0.2775409207161126,0.11841777488739602,0.03948667374087518,0.06922144856241251,0.04480191930179056,0.15293208733515162,0.20334580736089625,0.2571127067427721,0.19773400663694218,-0.020428213973340492,0.0,0.0,0.0,-0.2762643203754538,0.07135106597619978,-0.0392353422929016,-0.5058152237453599,0.361968370002896,0.31060360807675225,-0.13931929781713126
2025-11-01,-0.13931929781713126,-0.03443685714159994,0.20277691010720322,0.20215414668919118,0.12161647018710746,0.08966627972293799,-0.09104194366049723,-0.034610832495436394,0.020879918927583674,0.3420962079243345,-0.12565277615593362,0.13931929781713126,0.0,0.0,0.0,-0.35381249102637435,0.08980086347659633,0.17403399601308123,0.6590373418106248,0.36224952389779674,0.3147651645784577,-0.023173698773712892
2025-12-01,-0.023173698773712892,-0.14208972750381665,0.08341290527755008,0.16908961066274064,0.08257339613499724,0.08849788634515844,-0.06633913175977524,-0.06825714008334527,-0.014621227176169649,0.10658660405126297,-0.1345962718431205,0.023173698773712892,0.0,0.0,0.0,-0.3667772644047036,0.08980086347659633,0.17403399601308123,0.6590373418106248,0.36224952389779674,0.3147651645784577,-0.10882790465497749
2026-01-01,-0.10882790465497749,-0.25075994108252164,-0.10929920077476951,-0.09704227157386214,0.06021650966757872,0.09406824913488265,-0.08280889104672762,-0.15531218522475454,-0.11489694592382749,-0.0004712961197920196,-0.23812107627148216,0.10882790465497749,0.0,0.0,0.0,-0.4144043307310663,0.08980086347659633,0.17403399601308123,0.6590373418106248,0.36224952389779674,0.3147651645784577,0.026521523210642384
2026-02-01,0.026521523210642384,-0.10639213290158278,-0.13716517936146078,-0.08760663932436219,0.06846620297243383,0.08965350581307227,-0.02193794477892408,-0.11252118524433541,-0.08476891719456059,-0.16368670257210316,-0.1344591300232595,-0.026521523210642384,0.0,0.0,0.0,-0.41000515298209683,-0.021097475487456774,0.06855291597291147,0.5453446287223545,0.36224952389779674,0.21521310246965486,-0.010508088002272542
